{"IcoMoonType":"selection","icons":[{"icon":{"paths":["M246.219 905.223c-13.271 0-26.543-3.516-38.584-10.459-24.258-13.975-38.672-39.023-38.672-66.973v-451.143c0-9.229 7.471-16.699 16.699-16.699s16.699 7.471 16.699 16.699v451.143c0 15.82 8.262 30.059 21.973 37.969 13.711 7.998 30.146 7.91 43.857 0l545.625-316.055c14.238-8.262 22.412-22.939 21.885-39.287-0.527-16.436-9.58-30.586-24.258-37.881l-648.105-323.174c-8.262-4.131-11.602-14.15-7.471-22.412s14.238-11.602 22.412-7.471l648.105 323.086c25.84 12.92 41.836 37.881 42.803 66.797 0.879 28.916-13.535 54.756-38.496 69.258l-545.713 316.055c-12.129 7.031-25.4 10.547-38.76 10.547z"],"attrs":[{"fill":"rgb(112, 112, 112)"}],"isMulticolor":false,"isMulticolor2":false,"grid":0,"tags":["播放"]},"attrs":[{"fill":"rgb(112, 112, 112)"}],"properties":{"order":2,"id":0,"name":"uniE900","prevSize":32,"code":59648},"setIdx":0,"setId":2,"iconIdx":0}],"height":1024,"metadata":{"name":"icomoon"},"preferences":{"showGlyphs":true,"showQuickUse":true,"showQuickUse2":true,"showSVGs":true,"fontPref":{"prefix":"icon-","metadata":{"fontFamily":"icomoon"},"metrics":{"emSize":1024,"baseline":6.25,"whitespace":50},"embed":false},"imagePref":{"prefix":"icon-","png":true,"useClassSelector":true,"color":0,"bgColor":16777215,"classSelector":".icon","name":"icomoon"},"historySize":50,"showCodes":true,"gridSize":16}}